{
  "project_info": {
    "project_number": "23353314288",
    "project_id": "memestream-24cc7",
    "storage_bucket": "memestream-24cc7.firebasestorage.app"
  },
  "client": [
    {
      "client_info": {
        "mobilesdk_app_id": "1:23353314288:android:0035b7bcb466027a01eb35",
        "android_client_info": {
          "package_name": "com.vcmsa.projects.memestream"
        }
      },
      "oauth_client": [],
      "api_key": [
        {
          "current_key": "AIzaSyAcBBzLu3f8dFFl5ZaAyQ06NBpkS5cx6uM"
        }
      ],
      "services": {
        "appinvite_service": {
          "other_platform_oauth_client": []
        }
      }
    }
  ],
  "configuration_version": "1"
}